Workbook

Sheet Dashboard
A1: Envelope — Blank Template
A2: Weekly Budget | B2: =Budget!B12 -> 0
A3: This Week | B3: =IFERROR(LOOKUP(2,1/('Weekly Log'!A2:A1001<>""),'Weekly Log'!L2:L1001),0) -> 0
A4: Weekly Left | B4: =B2-B3 -> 0
A5: Monthly Budget (approx.) | B5: =Budget!C12 -> 0
A6: Yearly Budget | B6: =Budget!D12 -> 0
A7: This Year | B7: =SUM('Weekly Log'!L2:L1001) -> 0
A8: Yearly Left | B8: =B6-B7 -> 0
A10: Category | B10: Year to date
A11: Housing | B11: =SUM('Weekly Log'!B2:B1001) -> 0
A12: Groceries | B12: =SUM('Weekly Log'!C2:C1001) -> 0
A13: Dining Out | B13: =SUM('Weekly Log'!D2:D1001) -> 0
A14: Transport | B14: =SUM('Weekly Log'!E2:E1001) -> 0
A15: Utilities | B15: =SUM('Weekly Log'!F2:F1001) -> 0
A16: Wellness | B16: =SUM('Weekly Log'!G2:G1001) -> 0
A17: Entertainment | B17: =SUM('Weekly Log'!H2:H1001) -> 0
A18: Shopping | B18: =SUM('Weekly Log'!I2:I1001) -> 0
A19: Learning | B19: =SUM('Weekly Log'!J2:J1001) -> 0
A20: Savings | B20: =SUM('Weekly Log'!K2:K1001) -> 0
A21: Open index.html in a browser for weekly/monthly views, charts and auto-generated insights.

Sheet Budget
A1: Category | B1: Weekly | C1: Monthly | D1: Yearly
A2: 🏠 Housing | B2: 0 | C2: =B2*4.33 -> 0 | D2: =B2*52 -> 0
A3: 🛒 Groceries | B3: 0 | C3: =B3*4.33 -> 0 | D3: =B3*52 -> 0
A4: 🍽️ Dining Out | B4: 0 | C4: =B4*4.33 -> 0 | D4: =B4*52 -> 0
A5: 🚌 Transport | B5: 0 | C5: =B5*4.33 -> 0 | D5: =B5*52 -> 0
A6: 💡 Utilities | B6: 0 | C6: =B6*4.33 -> 0 | D6: =B6*52 -> 0
A7: Wellness | B7: 0 | C7: =B7*4.33 -> 0 | D7: =B7*52 -> 0
A8: 🎬 Entertainment | B8: 0 | C8: =B8*4.33 -> 0 | D8: =B8*52 -> 0
A9: 🛍️ Shopping | B9: 0 | C9: =B9*4.33 -> 0 | D9: =B9*52 -> 0
A10: 📚 Learning | B10: 0 | C10: =B10*4.33 -> 0 | D10: =B10*52 -> 0
A11: 💰 Savings | B11: 0 | C11: =B11*4.33 -> 0 | D11: =B11*52 -> 0
A12: TOTAL | B12: =SUM(B2:B11) -> 0 | C12: =SUM(C2:C11) -> 0 | D12: =SUM(D2:D11) -> 0

Sheet Weekly Log
A1: Week | B1: Housing | C1: Groceries | D1: Dining Out | E1: Transport | F1: Utilities | G1: Wellness | H1: Entertainment | I1: Shopping | J1: Learning | K1: Savings | L1: Weekly Total | M1: Worth it? | N1: Notes
A2: W1 | L2: =SUM(B2:K2) -> 0
A3: W2 | L3: =SUM(B3:K3) -> 0
A4: W3 | L4: =SUM(B4:K4) -> 0
A5: W4 | L5: =SUM(B5:K5) -> 0
A6: W5 | L6: =SUM(B6:K6) -> 0
A7: W6 | L7: =SUM(B7:K7) -> 0
A8: W7 | L8: =SUM(B8:K8) -> 0
A9: W8 | L9: =SUM(B9:K9) -> 0
A10: W9 | L10: =SUM(B10:K10) -> 0
A11: W10 | L11: =SUM(B11:K11) -> 0
A12: W11 | L12: =SUM(B12:K12) -> 0
A13: W12 | L13: =SUM(B13:K13) -> 0
... A53: W52 | L53: =SUM(B53:K53) -> 0
